Model,Target_Group_Size,Conv_Rate_Treatment,Conv_Rate_Control,Uplift_Absolute,Uplift_Relative_Pct
uplift_t_learner,42427,0.018064696821173506,0.0739103327098566,-0.05584563588868309,-75.55863144049354
uplift_s_learner,35327,0.0057670126874279125,0.004206032832166735,0.0015609798552611775,37.112878514004365
uplift_x_learner,35349,0.006235385814497272,0.013033523160922914,-0.006798137346425642,-52.15886190165223
