Model,Uplift_Score
T-Learner,0.0
S-Learner,0.708160033003229
X-Learner,0.5051075656066111
